Timestamp,Signal Strength (dBm),SNR,Call Duration (s),Environment,Attenuation,Distance to Tower (km),Call Type,Incoming/Outgoing,Signal_SNR_Ratio,Attenuation_SNR_Ratio,Cluster
2022-01-03 17:46:13,-84.11976310200815,14.139713416884854,1713.800549637367,0.0,14.690437631573936,2.2431763646784875,1.0,0.0,-5.949184443555119,1.0389487535859452,1
2022-01-04 17:29:31,-87.80613082769133,12.024162187887624,345.3718482753162,1.0,6.213698113914888,5.002566499850833,0.0,0.0,-7.302473922785171,0.5167676563492636,1
2022-01-05 17:14:01,-116.57517559649536,11.675944939684664,259.28504348174,2.0,4.494414965543465,8.70597353220433,0.0,0.0,-9.984217653364468,0.3849294415463317,0
2022-01-06 16:02:29,-82.96118290338804,13.3700306434048,357.9740044258497,1.0,7.619957473003842,7.427024550141175,1.0,1.0,-6.205010677227304,0.5699281980473773,1
2022-01-07 22:19:17,-85.0125741094262,14.159437202535234,398.0067158466874,0.0,10.655158827058182,0.6120705114033131,0.0,1.0,-6.00395149096751,0.7525128770229563,1
2022-01-08 22:31:42,-98.61869164428356,13.140092439835245,1795.175137247767,0.0,5.6222017802995605,4.702561102314434,1.0,1.0,-7.50517487516358,0.4278662273963567,1
2022-01-09 20:39:41,-74.13939861968873,11.91259362723833,230.320247372711,3.0,7.636230350561551,1.667293216394791,0.0,1.0,-6.223615186867806,0.6410216438895532,0
2022-01-10 22:03:26,-50.2353309640384,13.783794168047002,462.112568411595,2.0,0.4410286751451692,1.165778847849025,1.0,0.0,-3.6445212651859857,0.03199617389350943,0
2022-01-11 10:15:37,-70.10307339933556,13.025553749553495,1697.4233652739802,3.0,5.298498383423487,7.678126244811597,0.0,1.0,-5.3819649238602745,0.40677720770207854,0
2022-01-12 13:31:29,-97.60056368567882,13.699171082453658,1311.0665263832998,1.0,1.2358944054824297,4.97204879537076,1.0,0.0,-7.124559806656055,0.09021672902349447,0
2022-01-13 15:20:05,-99.65173578835208,11.53634120814984,857.8459629774544,2.0,0.757706452627534,9.157530851305824,0.0,0.0,-8.638071116457192,0.06567996203393957,0
2022-01-14 19:10:19,-78.58596219136132,12.40344189583113,683.852621016365,3.0,5.586920112176554,7.869592628248416,0.0,0.0,-6.3358189480807505,0.4504330458148007,0
2022-01-15 09:16:33,-105.47420540353248,13.939346978839854,1767.7981249508794,0.0,7.515345926308875,5.6941897976390665,0.0,0.0,-7.5666532697749265,0.539146197965955,1
2022-01-16 23:40:20,-77.20348668088874,13.676887658003889,1623.7836866160378,0.0,5.943238443676205,7.32865565679205,1.0,0.0,-5.644813981495525,0.4345461183753747,1
2022-01-17 12:50:56,-87.95391151071044,10.500674560750356,20.745315157921773,1.0,3.776850554101944,8.155694399272978,0.0,1.0,-8.376024891876034,0.359676945694466,0
2022-01-18 16:55:51,-82.29876477976542,12.791723607740638,1682.7143124912118,1.0,1.430581907477051,6.0510868156456254,1.0,1.0,-6.433751017222599,0.11183652424287283,0
2022-01-19 22:10:01,-105.5434977960247,11.935671533316889,1225.434851899682,2.0,0.8270545719491995,3.069405889534853,0.0,1.0,-8.842694564153422,0.0692926719348208,0
2022-01-20 16:09:23,-65.74131849324084,12.541048997967724,1468.4355584012694,3.0,6.182044099152207,8.178400400329833,1.0,0.0,-5.242090872833056,0.4929447368925089,0
2022-01-21 10:22:24,-93.13557135870316,12.923826070660583,195.65780928967968,3.0,5.764449112725268,2.883908464110845,1.0,0.0,-7.206501452610168,0.4460327058536926,0
2022-01-22 13:27:28,-77.06992051512952,13.949795376283484,1724.037013601456,2.0,2.5196512620879363,6.0149144221724695,1.0,0.0,-5.524806524447941,0.18062281158554178,0
2022-01-23 21:14:52,-79.61500354357302,10.867253600415484,1362.3000068955207,2.0,3.78758676988955,0.4825983134916112,1.0,0.0,-7.32613836610963,0.3485321046889168,0
2022-01-24 14:07:07,-103.437033340852,13.198602128166518,1710.1123971801223,0.0,7.076121129290268,9.794610306015878,0.0,0.0,-7.836968819014166,0.536126557952173,1
2022-01-25 23:41:38,-98.46730809534776,11.007132950545666,1522.650424923322,1.0,9.623116501757204,5.211485636232896,1.0,0.0,-8.945772575729684,0.8742618576625704,1
2022-01-26 12:26:58,-90.87582011568584,13.020333578624763,1212.1303972576336,2.0,2.615959361567847,8.052938277189178,0.0,1.0,-6.979530866850864,0.20091339024228264,0
2022-01-27 18:02:14,-69.98998147792403,14.14813089557397,381.225894648202,3.0,2.4427395319416294,7.118560695535328,0.0,0.0,-4.9469418956869,0.17265457534981876,0
2022-01-28 09:48:25,-104.26052950164336,14.184283339441226,1260.8300650435822,3.0,4.346362572566047,3.932568507365477,0.0,1.0,-7.350426313353676,0.30642102024104423,0
2022-01-29 21:06:27,-75.8560580448018,12.210285323940862,1352.4165753562936,1.0,8.029151157703922,1.640878908897131,1.0,0.0,-6.212472192591387,0.657572771154126,1
2022-01-30 10:17:39,-107.0556421033829,14.6556865963714,1342.5736108410415,0.0,6.7132741125845445,8.44657437075221,1.0,1.0,-7.304716936467792,0.4580661620990597,1
2022-01-31 09:46:42,-118.24398210046353,14.547242599249728,879.0474997225928,2.0,0.3474630451227439,9.785868635479916,0.0,1.0,-8.128274570634689,0.023885148180369187,0
2022-02-01 14:55:16,-72.44270204129703,11.158971252999883,1203.8620047913537,3.0,7.677539185031201,2.180204112101313,1.0,1.0,-6.491879976420789,0.6880149621569481,0
2022-02-02 21:00:38,-75.03762589844747,14.700451454352306,1219.1516923886952,3.0,3.410334399970502,8.28782224035998,1.0,0.0,-5.104443637418151,0.2319884127591761,0
2022-02-03 17:50:53,-101.14532091023707,11.470232834341529,1100.392666542835,0.0,5.365221853027887,5.234056440002609,1.0,0.0,-8.818070422998998,0.4677517823785428,1
2022-02-04 20:19:42,-82.24961791064764,13.47213324715744,1388.0202117043816,2.0,0.9533606225921636,2.997988071823681,0.0,0.0,-6.105166598014221,0.0707653795454074,0
2022-02-05 11:49:54,-74.35762808843646,12.333840908747984,1274.602147744645,1.0,5.674504106025335,1.294108526545359,1.0,0.0,-6.028748759818064,0.4600759931596427,0
2022-02-06 13:17:38,-101.52635007015752,12.094280740166491,82.79986878014869,0.0,10.081126377312913,1.179914909916422,1.0,0.0,-8.39457527429327,0.8335449286371196,1
2022-02-07 14:06:51,-77.37150393681749,12.862706125745923,802.2429750148929,0.0,10.8013199769572,9.9164959450231,1.0,1.0,-6.0151808783018,0.8397393107269704,1
2022-02-08 18:19:19,-61.198388282269605,13.580776956355816,1186.6786012815994,1.0,5.737541325601415,5.183831015495599,1.0,0.0,-4.506250892304247,0.4224751900143508,0
2022-02-09 18:39:40,-73.69277248463221,14.414772905539778,144.3390056701615,1.0,5.605665192661624,2.732693789806113,0.0,0.0,-5.1123089459979525,0.38888335105982924,0
2022-02-10 12:36:12,-101.16083838561872,14.043096730859112,1016.4125016482752,0.0,8.517309246860991,8.162018501948458,1.0,0.0,-7.203599057757571,0.6065121824261206,1
2022-02-11 20:10:56,-88.90416399969364,13.369144241615722,848.7654221767131,1.0,6.6880745267463695,0.0443175814745377,1.0,1.0,-6.649951738593795,0.5002619767858697,1
2022-02-12 16:57:52,-91.09920855562412,13.45784831295843,1586.3382980507934,3.0,3.130207150753936,3.095128823222653,0.0,0.0,-6.769225394013125,0.23259343378891387,0
2022-02-13 10:06:58,-95.38048884404368,14.541746900983108,1736.682979879521,0.0,14.481916729552786,5.187183991664528,1.0,1.0,-6.559080520857939,0.995885626889699,1
2022-02-14 21:28:29,-100.46909253434532,10.28727237692022,444.901039551636,0.0,14.563906357626838,0.8700910984289767,1.0,1.0,-9.766349022699561,1.4157208852451155,1
2022-02-15 19:28:45,-81.37123921731919,12.265485074242488,233.7628171511816,3.0,7.771899147609073,5.083037618525525,0.0,0.0,-6.634163974612352,0.6336397704560758,0
2022-02-16 21:47:35,-88.39374508436272,14.672493892694964,1029.8503454186568,0.0,6.445711959636041,9.57451972297596,1.0,1.0,-6.024452674834447,0.43930581987877876,1
2022-02-17 23:26:05,-86.02447006588483,11.374074143447942,669.8673536925911,3.0,6.487383455161797,9.791714168458048,0.0,1.0,-7.563206373845927,0.5703658489274488,0
2022-02-18 14:00:53,-78.15098887550064,12.927294300219785,308.5179215689985,0.0,11.06129800871058,1.5262072458399167,0.0,1.0,-6.0454250560480025,0.855654536128791,1
2022-02-19 11:12:30,-85.22998593082374,12.702768207972207,1681.2613831720223,0.0,6.176070540577658,8.46701844552558,0.0,0.0,-6.709560036734684,0.4861987906081276,1
2022-02-20 21:56:55,-66.3432863063927,12.729897763938393,1228.472169440995,3.0,6.65883283292279,2.4185979191620346,0.0,0.0,-5.211611870844728,0.523086120240732,0
2022-02-21 11:57:38,-76.10217418944407,12.241183467032211,990.7643925411536,3.0,6.77355344832601,3.2248431610465422,1.0,1.0,-6.216896788466942,0.5533413877845317,0
2022-02-22 13:43:43,-78.31107501666389,10.662092588064072,238.009977582803,3.0,3.1685817209058413,3.0462751713749614,0.0,1.0,-7.344812883822285,0.29718197384215195,0
2022-02-23 10:09:38,-61.2055665314992,10.782059387186273,1355.8511025619807,2.0,1.1624505737761033,6.817464582244584,1.0,1.0,-5.676611890912152,0.10781340854510424,0
2022-02-24 19:12:29,-98.42455882111332,13.939508257030576,438.67682915730336,3.0,3.205934018133732,0.9268302013156072,0.0,1.0,-7.060834356506855,0.22998903252464356,0
2022-02-25 22:51:47,-102.32830312723736,14.35658864004729,1229.1735453934464,0.0,10.646940756617555,8.12378180494959,1.0,1.0,-7.127619637625326,0.7416065907312142,1
2022-02-26 10:27:44,-59.47451786592804,13.396921663018889,17.522078205154635,2.0,0.2513840426869124,3.513287480936481,0.0,0.0,-4.439416707620467,0.01876431384696928,0
2022-02-27 14:36:46,-98.84920512090603,14.625351099999884,325.5599600016207,1.0,6.846613599929117,5.58878350612904,1.0,1.0,-6.758757751405233,0.4681332812216069,1
2022-02-28 14:45:30,-104.77613166997097,14.119427104435836,701.4510880742823,3.0,5.719200098909499,8.589909211767674,1.0,0.0,-7.420707007980035,0.4050589344880477,0
2022-03-01 16:31:56,-60.80616562049556,10.38036664963364,347.1685768649804,1.0,9.50999678669664,1.1757566864658977,1.0,0.0,-5.857805188103238,0.9161523004696688,1
2022-03-02 18:03:46,-88.72215861628932,12.541581851418584,1776.0949198393782,0.0,9.030005545557842,9.595301622922358,1.0,1.0,-7.07423988937884,0.7200053112770977,1
2022-03-03 19:23:14,-83.72723166849327,13.238411439772722,661.5770812831814,3.0,5.3508085503241904,6.4055686051626415,1.0,1.0,-6.324567871536567,0.4041881138279432,0
2022-03-04 15:54:50,-62.02050419866656,10.343576782992074,707.1805573092557,1.0,7.079709015216643,4.6557297574568,0.0,0.0,-5.996040392396055,0.6844546294830375,1
2022-03-05 21:44:39,-88.87930343110173,12.450487350402785,692.2387317943598,3.0,7.870568749557331,8.624397570902913,1.0,1.0,-7.138620434893079,0.6321494514566581,0
2022-03-06 11:38:57,-69.03867507878809,12.197638747496356,1059.8979191089695,3.0,4.623126025703602,4.531494188567042,0.0,0.0,-5.660003259835738,0.37901811334374125,0
2022-03-07 10:32:30,-92.96402741595142,13.080742970934898,502.6969033212943,1.0,2.135533019681368,4.246136911482601,0.0,0.0,-7.106937856313541,0.16325777704395036,0
2022-03-08 14:33:16,-100.57761893232876,12.91083980883877,535.9916430624907,0.0,7.898650165574105,4.0278417925441925,0.0,0.0,-7.790168603570086,0.6117843828838229,1
2022-03-09 21:22:21,-99.29704167332692,11.577029146126964,685.4682572605311,2.0,0.1179040329059488,1.9804259464751528,1.0,0.0,-8.577074516389997,0.01018430820269712,0
2022-03-10 23:17:02,-97.26072599224398,10.677525462915456,1116.7430736629294,3.0,3.955384952338425,8.438962050007044,0.0,1.0,-9.108920069629916,0.3704402265960958,0
2022-03-11 15:25:58,-93.00180867743452,13.426737784839313,1105.418463085665,1.0,3.518006304368738,7.827526352584563,1.0,0.0,-6.926612417762423,0.2620149704628216,0
2022-03-12 19:17:54,-69.38773601865086,13.617639764398202,257.13347100732483,2.0,4.605707063274394,0.485140029673673,1.0,0.0,-5.095430428036575,0.3382162505853096,0
2022-03-13 22:04:17,-82.62276202996725,12.981293674643087,1142.4170681196038,3.0,3.978463038470141,6.958826113736151,0.0,0.0,-6.364755631789846,0.30647662227494055,0
2022-03-14 18:43:36,-91.53953879276872,13.770973784324156,940.72493402505,2.0,0.8710648844989294,0.02637459081546,1.0,0.0,-6.647281464606605,0.06325368837948342,0
2022-03-15 11:08:35,-88.64095394651869,12.307927366983783,655.3385479958137,0.0,13.73557832176592,1.046168508925044,1.0,1.0,-7.2019399608335,1.1159944246580331,1
2022-03-16 10:37:54,-92.4574986810698,11.028186420525596,892.0220760436379,0.0,11.193102424984726,8.837936617947097,1.0,0.0,-8.383744629180795,1.0149540456749293,1
2022-03-17 14:08:32,-71.92983501383064,13.3176777712601,1517.5707759234897,1.0,0.0703883927089366,7.185333717645762,1.0,1.0,-5.401079395662811,0.00528533531991225,0
2022-03-18 09:54:11,-86.53983173286814,12.47793950628732,557.1763118437572,1.0,5.423128972155147,3.7609749419000815,1.0,0.0,-6.935426452606816,0.4346173475987723,0
2022-03-19 20:52:57,-107.75730021149408,13.30016111309156,1763.0656918651644,0.0,10.679573945416353,6.081070853052857,1.0,0.0,-8.101954501688322,0.8029657576178767,1
2022-03-20 21:47:22,-97.6192284488612,12.831239972926236,465.3072332578848,1.0,4.434110929952212,4.674654526061282,0.0,0.0,-7.607934123843734,0.34557150664803726,0
2022-03-21 11:46:59,-104.1384854866582,13.30500675900143,1297.6040106768726,3.0,7.135752810542367,6.673711261634495,0.0,0.0,-7.827014849757732,0.5363208707262318,0
2022-03-22 23:04:15,-81.3745473928283,12.919086826513666,1164.2132402073803,1.0,1.743392140340263,8.078340298824342,0.0,0.0,-6.2987847732028275,0.13494701008026172,0
2022-03-23 09:22:00,-65.73358428684793,13.584476188245697,1289.0761949024163,2.0,4.348578751919351,4.288155972282075,1.0,1.0,-4.83887515213039,0.3201138337127752,0
2022-03-24 16:10:05,-81.33985390412201,13.907958394108038,337.7853640914429,0.0,9.531211071048151,3.476847809497965,0.0,0.0,-5.848439547585385,0.6853062685606425,1
2022-03-25 10:23:08,-82.63143613353584,13.524644530019057,285.4059359231822,1.0,0.5020621517893409,4.8079636756401385,1.0,1.0,-6.109693747885123,0.03712202199753574,0
2022-03-26 19:45:50,-74.79218040222769,13.388550242708504,1610.6360363961278,1.0,9.205187734140273,0.8333393855305071,1.0,1.0,-5.586279249119877,0.6875417850760905,1
2022-03-27 18:13:10,-82.60121772239026,10.737676392299232,262.6355054445957,2.0,1.6738358973900254,3.0554406600328288,1.0,1.0,-7.6926529257239435,0.15588436790985527,0
2022-03-28 13:34:38,-93.13390122128033,12.027579731878609,165.71090922691064,0.0,8.326742859345856,6.519061927304106,0.0,1.0,-7.743361780981536,0.6923041080811845,1
2022-03-29 16:37:56,-76.37347333839278,13.380017907857557,40.09367552711432,2.0,4.446868639873265,5.984445841156734,1.0,1.0,-5.708024746949975,0.3323514714378254,0
2022-03-30 12:43:52,-61.22531729841613,13.201884839009123,556.7830536335883,1.0,7.156368279873645,0.5281869135263784,0.0,1.0,-4.637619403622507,0.5420717091991161,1
2022-03-31 11:58:05,-99.3416256226226,11.51741540081476,707.8186081168882,2.0,3.589069478092741,8.504211683745549,0.0,1.0,-8.625340161558267,0.3116210844949834,0
2022-04-01 09:33:14,-101.81543856989995,10.91025947689557,110.157120894563,3.0,2.387412680122045,7.610941938493013,1.0,1.0,-9.332082227391595,0.2188227223155413,0
2022-04-02 19:03:47,-60.57304009827424,13.372828989632188,822.954598410023,1.0,8.025506365185272,2.44001473792924,0.0,1.0,-4.529560659207286,0.6001352721108769,1
2022-04-03 10:49:29,-89.36898241217573,14.149722707070326,854.2809877934926,1.0,6.67357664088629,7.130467004934991,1.0,1.0,-6.315952916957442,0.4716401005568823,1
2022-04-04 18:47:00,-101.73841721090504,14.685454943522876,1193.3055190947962,0.0,5.333481337923597,5.665637886780674,0.0,1.0,-6.927835575761285,0.36318121284439914,1
2022-04-05 14:59:46,-98.8774905431537,14.504360655038388,235.83937089868763,1.0,5.478068220172042,0.4290482930507222,0.0,1.0,-6.817087142823457,0.3776842254602541,0
2022-04-06 22:28:08,-101.6580536731134,14.120509602479212,364.1834153047793,3.0,2.004266469074362,5.576214264213705,0.0,0.0,-7.199319042144587,0.14194009461107002,0
2022-04-07 15:49:57,-73.27516619930715,14.09947542998346,1554.704910100278,1.0,3.901587917375664,4.863201029030271,1.0,0.0,-5.197013644797429,0.27671865783048655,0
2022-04-08 22:25:19,-96.82783650131005,14.24892027709276,724.9500148200858,3.0,3.106440349121353,8.90123113184978,1.0,1.0,-6.795450785852148,0.2180123327588127,0
2022-04-09 14:38:50,-77.52882026460455,13.873941278587148,1136.8628702368835,0.0,7.14124504029603,2.14836775999332,1.0,1.0,-5.588089116296995,0.5147236027878399,1
2022-04-10 14:19:14,-60.73613825970712,11.559869784879757,478.2679763482078,2.0,4.6729351984292204,1.4251760775850464,1.0,0.0,-5.2540503815964765,0.40423770206625986,0
2022-04-11 10:28:40,-98.04337847196538,12.876158883317622,1128.4759075305506,3.0,3.600125330804256,3.7002294938249913,0.0,0.0,-7.6143343176182965,0.27959621834031495,0
2022-04-12 12:03:16,-95.64511149381512,11.286216865620686,241.08877017416967,2.0,1.6627762037117018,8.353252134201647,0.0,0.0,-8.474505906109984,0.1473280394451227,0
2022-04-13 17:27:50,-84.29650984237152,14.325598154387356,362.1001927013352,0.0,6.452742865088562,5.903976811985475,1.0,1.0,-5.8843274066479765,0.4504344457450743,1
2022-04-14 20:04:31,-64.03380478535561,13.59957425301963,1259.9100500849538,1.0,0.3067174136623662,3.620939070803182,1.0,1.0,-4.708515398298525,0.02255345703720906,0
2022-04-15 09:17:30,-98.74020628279196,11.67328541934224,608.4925536089656,2.0,0.2773715761747769,5.444583567746975,1.0,1.0,-8.458647478174749,0.023761226268949127,0
2022-04-16 10:00:54,-57.99154816858528,11.45348706683362,1639.7686683859806,2.0,3.122959766346689,6.7499665686333685,1.0,0.0,-5.063222041036813,0.27266453856811174,0
2022-04-17 23:11:52,-76.73659285527972,13.644500521283632,919.4334141997208,3.0,6.750954329357225,8.7557138576882,1.0,0.0,-5.623994277398187,0.49477474960199874,0
2022-04-18 20:03:11,-69.65237664719103,14.369209250308096,1759.834569997908,1.0,6.482540665242284,2.9545349520959463,1.0,0.0,-4.847335398143099,0.45114108590576396,1
2022-04-19 19:39:20,-111.56901882275191,12.18967358961,522.4017320892704,2.0,3.13137255992298,0.5160718051399626,0.0,0.0,-9.152748676444972,0.2568873183228755,0
2022-04-20 18:25:29,-79.68016595707742,14.485756680663792,793.4989181061451,3.0,6.68754855859078,4.574777466423507,0.0,0.0,-5.500587073779675,0.46166373670047506,0
2022-04-21 15:29:36,-81.44884488404233,11.028820649099838,171.46277020262266,0.0,13.40337395224608,4.397578491186942,1.0,1.0,-7.3850910689444405,1.2153043718346028,1
2022-04-22 19:35:46,-79.99589216292601,11.295316966788482,235.9812676813213,3.0,3.439413030343077,3.645117106144737,0.0,1.0,-7.082217558927739,0.304499027353677,0
2022-04-23 17:32:57,-78.78338338419,10.663630288784288,198.61771669906253,1.0,6.216301929001727,3.4697688842912457,0.0,1.0,-7.388045275694164,0.5829442469472068,1
2022-04-24 18:43:58,-97.39547905344968,12.281957157630965,385.9962420100853,1.0,1.9393847808476672,9.344055738127972,0.0,0.0,-7.929964076206408,0.1579051901744172,0
2022-04-25 22:29:45,-105.76223420263187,11.767236566583977,1153.8006486594809,0.0,8.155977065715025,9.745104455627269,1.0,0.0,-8.987856545179218,0.6931089571346649,1
2022-04-26 09:55:24,-90.74282173579174,13.68153090081295,494.1241003560705,0.0,12.671942613306292,1.935766733956081,0.0,0.0,-6.632504972361487,0.926207944436037,1
2022-04-27 17:53:25,-76.0695286407024,13.648815643211014,975.8359951838102,1.0,0.4950036707807992,0.8005558565813442,1.0,0.0,-5.573342817694692,0.03626715194081687,0
2022-04-28 16:56:21,-72.65667708549753,14.765883880589596,1137.433992895655,0.0,9.835978504091356,7.742375468422966,1.0,1.0,-4.920577573827961,0.6661286640859375,1
2022-04-29 15:28:45,-84.23027629037531,12.296726920192285,689.4264695587444,2.0,1.1478561810153538,8.72538985805262,1.0,0.0,-6.849812704648432,0.09334648060185256,0
2022-04-30 19:45:12,-86.95392354082904,12.771765095610112,1444.9565575856063,2.0,3.1469605733004413,0.4233499941056973,0.0,0.0,-6.808293362983037,0.24639981627408017,0
2022-05-01 16:32:26,-60.81244169757439,13.27096754493376,540.3969999288474,2.0,1.139190596378184,9.978742775566356,0.0,0.0,-4.582366846056179,0.08584080945380908,0
2022-05-02 20:30:01,-88.38204557676764,11.26681731283012,157.10005535090886,0.0,6.766254548070014,2.7076978169117663,1.0,0.0,-7.844455369687931,0.6005471074572564,1
2022-05-03 16:51:03,-97.71157968129732,12.29536552561714,936.2662121857992,2.0,1.4917153705569708,7.01842140974292,0.0,1.0,-7.947025199842188,0.1213233854111689,0
2022-05-04 18:02:53,-68.16198129661224,10.665202360697732,1654.4496726718305,1.0,5.923418067810241,8.10690675159386,0.0,1.0,-6.39106310269409,0.5553966879318852,1
2022-05-05 19:26:41,-70.47332628753955,14.33480346270238,360.0775734135433,0.0,5.669865413043192,8.191236034996654,1.0,0.0,-4.916239449392337,0.3955314369952851,1
2022-05-06 18:44:50,-81.202069853965,14.265321931186593,1655.2168121045495,2.0,3.6334643945707055,4.778108940774387,0.0,1.0,-5.692270405110887,0.25470609158651963,0
2022-05-07 20:34:11,-66.71057726914374,14.53502683376804,949.123833003118,3.0,7.267836174271235,5.0459200449598445,1.0,0.0,-4.589642525431798,0.5000222054552003,0
2022-05-08 13:57:51,-75.53773329649678,14.429947437834317,199.32269924511604,1.0,9.955632268883445,4.305758390036334,1.0,0.0,-5.234789219897456,0.6899285192190335,1
2022-05-09 22:10:50,-93.65922209643048,12.629436477567094,565.7387362673379,3.0,4.962832511315002,0.7528813781302346,1.0,0.0,-7.41594625028407,0.3929575575075914,0
2022-05-10 22:38:59,-66.37756196578788,10.694574474012096,569.6437857642303,2.0,1.2625005707640715,1.5131721830065248,0.0,1.0,-6.206657602027947,0.11805056608039036,0
2022-05-11 19:40:26,-115.25904426107056,12.761161518610717,1406.4332084164107,2.0,4.305183983306015,9.60576005052269,1.0,1.0,-9.032018291120773,0.3373661540675606,0
2022-05-12 23:00:18,-69.4655016653087,10.909704660765485,395.41531996371566,3.0,7.06599187120286,5.084549035228481,1.0,1.0,-6.367312756756817,0.6476794826505773,0
2022-05-13 19:16:32,-75.01558486756053,11.042622404922684,1617.823049391532,0.0,6.1283116569449,9.15003414612962,0.0,0.0,-6.793276280761543,0.5549688680523926,1
2022-05-14 14:17:55,-76.88160435128923,14.51879331674381,1558.656031564205,3.0,3.062224056346852,0.1305659540137937,0.0,0.0,-5.295316399148002,0.2109145015932161,0
2022-05-15 16:44:21,-97.974458870865,14.326939134713966,1732.0677679575588,2.0,2.965235053646063,3.1219380273699,0.0,0.0,-6.83847805471832,0.20696919457516033,0
2022-05-16 10:37:26,-97.18774018636388,12.78091476965228,221.79669840711952,0.0,13.640795050447924,7.639943649039255,0.0,0.0,-7.6041302152744,1.0672784613015425,1
2022-05-17 20:45:25,-98.80624610709415,10.448951693543531,690.5192855026216,0.0,11.534570193636211,9.869545953082106,0.0,0.0,-9.456091768391563,1.1038973603121922,1
2022-05-18 16:57:37,-108.95440130381893,13.436418745202346,201.04481822709465,0.0,13.61690314687148,7.4693460553676285,1.0,0.0,-8.108887000460124,1.0134324781088075,1
2022-05-19 23:23:01,-87.25170384887157,13.15447895803106,1715.3227827892997,0.0,12.404708299746252,7.81205207061618,0.0,0.0,-6.632851374852053,0.9430026334285129,1
2022-05-20 19:48:36,-81.52732923729135,14.3536855195692,1633.6779503465862,1.0,7.904495907856561,5.479388142095049,1.0,0.0,-5.67988821550121,0.5506945165079181,1
2022-05-21 09:15:06,-90.17914789915768,11.32717770962068,1697.9795391541957,0.0,13.469249782022615,8.669605999852706,0.0,0.0,-7.961307768183348,1.1891090725444757,1
2022-05-22 15:42:25,-100.45582577202434,11.430135129435062,1435.55506213218,3.0,7.248440370171245,7.151927709355402,0.0,1.0,-8.788682253155542,0.6341517652639816,0
2022-05-23 20:18:17,-50.93375430192856,13.575069772244564,360.2183160071252,2.0,3.72042766736439,3.462686264440041,0.0,0.0,-3.752006814897934,0.2740632445733039,0
2022-05-24 13:37:57,-74.34120379079991,11.808585624442996,1792.2576855978018,2.0,2.204060220790629,9.318956868442031,1.0,0.0,-6.295521423888648,0.18664895955377758,0
2022-05-25 18:46:57,-74.1303901735927,13.229003073771803,1533.5423319352365,1.0,7.331055581825387,8.521278384178501,1.0,1.0,-5.603626346943867,0.5541653849794608,1
2022-05-26 17:40:09,-90.04954695496748,13.390676443847005,165.95350995149968,3.0,6.886260560413767,1.368024686076097,0.0,1.0,-6.724794473666812,0.5142578561117975,0
2022-05-27 19:05:02,-75.50646390353356,14.50264049300166,1639.983680610191,0.0,7.55839737769044,0.7019505235384305,1.0,1.0,-5.206394237984681,0.5211738773236927,1
2022-05-28 21:19:09,-83.56263177523901,14.20658392353966,926.5412443749284,1.0,9.984866425608065,0.6705480824116483,1.0,1.0,-5.881965166228145,0.7028337338971943,1
2022-05-29 23:08:39,-64.82829277638515,10.672871947128916,400.479577820189,2.0,1.6210284219562945,0.2141512752649299,0.0,0.0,-6.07411885867799,0.15188305732839608,0
2022-05-30 23:10:04,-73.03805235709416,13.22371336191077,1459.955372959667,1.0,8.92805103813949,5.158603337708914,1.0,0.0,-5.523263424776564,0.6751546099887838,1
2022-05-31 23:34:46,-90.11331729888992,13.271847700223937,928.6279676404192,3.0,2.514429540461836,7.533771131419538,1.0,1.0,-6.78980947698636,0.18945587660940036,0
2022-06-01 10:51:20,-91.6226886564854,11.851776379846964,1787.067971863238,3.0,6.672030416292475,2.9234276602450526,1.0,1.0,-7.730713583539429,0.5629561512040333,0
2022-06-02 10:00:26,-74.5024590817073,14.293179090068517,787.1409962907286,1.0,6.260734853701018,0.4041215839064305,0.0,0.0,-5.2124484418069175,0.4380225570400366,0
2022-06-03 14:09:51,-63.69718882190645,11.258845629560987,1022.9738529247112,1.0,0.8980705883913953,7.847777451393767,0.0,0.0,-5.657523951568084,0.07976577864729527,0
2022-06-04 10:58:49,-70.77179769699704,11.035713296501218,1534.844026333981,1.0,7.360354611158351,4.652416918543382,1.0,1.0,-6.4129790063521925,0.6669577591169329,1
2022-06-05 14:04:40,-86.18588951454404,12.398546698781743,1499.4410831839327,1.0,8.821814726862973,3.9097208277766224,0.0,1.0,-6.951289663332978,0.7115200628327082,1
2022-06-06 16:13:59,-89.73438195933525,10.4066113502453,972.0957219227504,0.0,13.012090832270976,3.175432658862916,1.0,0.0,-8.622824369106208,1.2503677127054327,1
2022-06-07 11:16:51,-85.26538811368843,13.642219867638254,957.0676756494756,1.0,9.209446742736814,1.1147738066582935,0.0,1.0,-6.250110974219293,0.6750695144496368,1
2022-06-08 18:56:10,-64.86466694154944,13.400150206607195,1492.9638069258554,2.0,2.266889819772764,8.5965309315276,1.0,0.0,-4.840592525949904,0.16916898576897013,0
2022-06-09 10:33:02,-92.31069011149236,14.408695414739512,1056.90810622321,3.0,7.470189780861536,8.787166402756863,0.0,0.0,-6.406595978887559,0.5184501139986195,0
2022-06-10 15:13:25,-76.88270341230833,14.441224473415703,369.6382465550373,1.0,3.293392025672759,9.67301947972895,1.0,1.0,-5.323835492517613,0.22805490154296704,0
2022-06-11 23:39:35,-103.12322721155113,12.38848574421623,47.51958117761998,0.0,9.079620357245489,0.1207683662233805,0.0,1.0,-8.3241188093849,0.7329080037688668,1
2022-06-12 10:05:10,-87.33928524833516,10.823241804221928,1738.3801276552667,2.0,3.777709695565119,0.7038769037396564,0.0,0.0,-8.069604913215214,0.3490368009465033,0
2022-06-13 20:13:30,-101.00210097333913,14.425230990126138,1625.43691364442,3.0,3.2292901410254995,8.950917132436219,0.0,1.0,-7.001766629281142,0.22386401597395825,0
2022-06-14 11:36:16,-83.02304709299848,13.222210523439983,559.3409402548988,0.0,12.504612687102554,7.268370142985851,1.0,1.0,-6.279059536946441,0.9457278466402408,1
2022-06-15 18:37:30,-95.48883435263562,13.593312831481402,1016.57085365952,1.0,5.944121107601667,4.824501362749794,0.0,0.0,-7.024691885591258,0.43728274195221273,0
2022-06-16 21:22:23,-102.93200424868282,14.395440842759298,231.77766610391407,3.0,5.77905797944274,4.542857763058031,1.0,0.0,-7.150319699539166,0.40145057328675515,0
2022-06-17 11:42:00,-82.71881047039005,10.127069485939462,1117.031857082035,3.0,6.258502651054896,4.362613701836882,1.0,0.0,-8.168089552171997,0.6179974038023809,0
2022-06-18 14:24:05,-95.2292787508216,13.831183774685943,1424.990173262037,1.0,5.962228951390637,4.049953857121692,0.0,0.0,-6.885114122930436,0.4310714865832188,1
2022-06-19 17:46:39,-82.00576548656841,12.93355363665864,418.2673958360908,1.0,2.4586102180920086,7.013327835219949,0.0,0.0,-6.3405439668021435,0.19009549014690524,0
2022-06-20 22:37:39,-107.45740894969416,10.55160438081426,176.8800237968416,2.0,2.0986769390369253,3.3264266851256785,1.0,0.0,-10.183987672519025,0.1988964770754678,0
2022-06-21 17:12:40,-92.63287328964536,12.465563166261248,1500.4580157712896,0.0,11.045744119625493,7.240296887958704,0.0,1.0,-7.431102152924015,0.886100689669226,1
2022-06-22 20:40:07,-74.73926817780125,12.633122288669464,1585.6282343509024,1.0,9.973612134520014,5.692739213810228,0.0,1.0,-5.916135889772721,0.7894811675080339,1
2022-06-23 12:49:02,-92.7310000504406,11.396769922619905,172.8872752708027,3.0,7.073748840192657,6.022468333731087,0.0,1.0,-8.13660367559538,0.6206801477611872,0
2022-06-24 15:13:21,-88.82249633512066,13.660273624563848,1633.928773797856,3.0,5.9975673121147,8.921705052709026,1.0,0.0,-6.502248693532621,0.43905176986285605,0
2022-06-25 20:45:05,-78.11860534270656,11.42607202225786,370.8930542420404,2.0,2.4461559885696618,2.037063281143631,1.0,0.0,-6.8368731777373295,0.21408546905625067,0
2022-06-26 14:31:38,-77.91261034704203,11.704356492974412,580.5495416805695,2.0,0.6926599000600492,6.212882841268485,0.0,0.0,-6.656718836883743,0.05917966531664013,0
2022-06-27 21:16:26,-100.32143931051692,13.818618549941126,710.8625698962859,0.0,7.5750247481440605,5.336569996836843,1.0,0.0,-7.259874707496319,0.5481752550169465,1
2022-06-28 11:57:05,-70.5482246951946,11.24456422556657,924.9633198308728,3.0,3.1938401127704856,1.414594137850825,1.0,0.0,-6.273984769326707,0.2840341384884149,0
2022-06-29 14:25:59,-90.77566857010692,10.73304137461595,1044.1144212187028,3.0,2.748805607468094,9.38258408049876,1.0,1.0,-8.45759048095512,0.25610686768738417,0
2022-06-30 15:21:35,-69.55083123873638,12.54030255541214,1400.629637586041,2.0,1.822766041986565,8.8121671784111,1.0,1.0,-5.5461844661134965,0.1453526367316029,0
2022-07-01 10:39:19,-112.26033381394474,12.646189663509531,58.148009626072586,2.0,2.302857381549455,2.694367656330494,0.0,0.0,-8.877008552939383,0.18209891221323612,0
2022-07-02 11:32:22,-63.07402237388867,13.112713954159751,918.4466864399226,1.0,9.528915938307334,0.5934154769357081,0.0,0.0,-4.81014247619346,0.7266928853090537,1
2022-07-03 14:37:20,-87.50678181974334,13.1882073016107,1417.3721283767204,0.0,6.494701246170184,1.838340543932817,0.0,0.0,-6.635229475231311,0.4924627811154069,1
2022-07-04 15:33:54,-79.16485875680188,14.122659619521222,920.1321484624556,0.0,8.676516607771624,9.592617646450428,0.0,0.0,-5.605520552358972,0.6143684575647517,1
2022-07-05 18:17:59,-64.79965320330626,11.635991070598102,1081.4662713896998,1.0,8.780109211645371,7.273194697674466,1.0,1.0,-5.568898498166911,0.7545647944915017,1
2022-07-06 13:05:45,-69.80532742615061,13.759520819645726,1716.6971519447732,1.0,8.319667367965497,9.516589781420596,1.0,1.0,-5.073238257062697,0.604648045263473,1
2022-07-07 15:37:22,-105.43347023941718,14.181409092383356,1363.2092163314403,2.0,4.495520010026057,8.012948346761963,0.0,1.0,-7.434625822098979,0.3170009397813324,0
2022-07-08 22:23:10,-104.92385016902004,11.548471193473173,315.76866500715886,3.0,4.724152826735217,5.957713107137161,0.0,1.0,-9.085518628581257,0.40907170717073665,0
2022-07-09 14:19:42,-89.97407263824203,11.56298770823964,77.8541803916019,0.0,14.218785543972864,1.0203128594968802,0.0,0.0,-7.7812132037766,1.2296809355432465,1
2022-07-10 13:53:07,-80.83713186315322,13.170145114432277,933.33336209783,0.0,12.06040532389905,1.244671764054952,0.0,1.0,-6.1379074531556475,0.9157382259795394,1
2022-07-11 14:23:02,-76.56088066512044,14.03473871164233,1007.6330053789558,2.0,3.121300707090566,0.625840348596215,1.0,0.0,-5.455098397817359,0.22239820569505397,0
2022-07-12 09:37:06,-82.63917527821337,10.496025851874592,1770.0862743527423,3.0,5.254656527959266,9.929279969095903,0.0,1.0,-7.873377641841519,0.5006329635249661,0
2022-07-13 18:29:52,-111.40335663109371,11.912474278474106,773.122806746965,2.0,0.4162762897759031,1.3952262011430827,1.0,0.0,-9.35182347659279,0.034944569869348775,0
2022-07-14 21:45:56,-82.5577578488049,14.47055949977586,1459.1127115933564,3.0,2.3108705703408283,8.181234472631182,1.0,0.0,-5.705222237217465,0.1596946248150894,0
2022-07-15 11:50:29,-66.43474805771729,11.6718835541484,809.429971745072,2.0,3.384749728216497,9.65480733494821,0.0,1.0,-5.6918617928134925,0.2899917320305602,0
2022-07-16 09:14:46,-86.53859721294533,12.854783788984165,1632.2655760552932,1.0,1.3047285644589135,7.04283167486691,0.0,0.0,-6.732014993544434,0.10149751141481632,0
2022-07-17 16:06:36,-75.01241958238478,14.684312140002074,1767.7247339008622,1.0,0.5504756497708263,1.73926098305349,0.0,0.0,-5.108337310055699,0.037487329640301506,0
2022-07-18 15:59:58,-75.37228050796635,13.290014127971713,372.16219131156726,0.0,7.941324898396905,2.14199561073148,1.0,0.0,-5.671346905768725,0.597540741592225,1
2022-07-19 13:38:21,-66.30505015260749,10.569920402502843,1460.359573498457,2.0,4.542551558629865,4.240618152230517,1.0,1.0,-6.272994272561804,0.4297621349281377,0
2022-07-20 09:18:04,-116.24923549957975,10.21673456195404,629.8541708281555,2.0,3.311047039487258,1.4758488232564748,0.0,0.0,-11.378316112968268,0.32408075389304336,0
2022-07-21 12:13:15,-95.80641689637126,12.508980331090694,1557.3615617431744,3.0,5.688841485769393,2.5264756589258752,0.0,1.0,-7.659010914789616,0.4547805924016978,0
2022-07-22 12:06:00,-76.48317032967631,12.35810805383565,598.6958511142619,2.0,2.478849205487013,1.5768447309650224,0.0,0.0,-6.188906100375852,0.20058484636060897,0
2022-07-23 18:42:57,-72.1464870644409,10.821737427376208,1144.8317832170092,1.0,5.696442999389698,5.20508302941272,0.0,0.0,-6.666811825914577,0.5263889497496748,0
2022-07-24 20:40:08,-92.90511430536066,13.572840793004769,1344.110859600406,3.0,5.386718071367376,9.186477416698436,0.0,0.0,-6.844927728497161,0.3968747702210382,0
2022-07-25 23:05:16,-87.86635642006726,10.438687402921271,649.813345825496,2.0,4.7442334237346335,8.159400008896382,1.0,0.0,-8.417375961182673,0.45448563024815475,0
2022-07-26 13:39:00,-101.07921695700593,12.524503556990211,1581.4861594686029,0.0,10.506394699223572,2.6200857637769195,1.0,0.0,-8.070516846356021,0.838867157534627,1
2022-07-27 12:28:55,-78.47897938174668,11.235554100599696,759.0923339352032,3.0,3.97401604089808,8.126929727805756,1.0,0.0,-6.984878420065905,0.35370004941120503,0
2022-07-28 09:37:19,-84.40331504952474,13.300862222507062,249.82714987017783,1.0,3.354999964690188,5.29241653016403,1.0,1.0,-6.345702528995144,0.25223928406391455,0
2022-07-29 12:33:38,-104.15737012556056,13.304085091859086,1566.8237046629151,0.0,10.241156416983328,3.509146283950594,1.0,1.0,-7.828976543563045,0.7697753243084883,1
2022-07-30 09:26:41,-85.55864212543977,11.574359661436182,818.9787740599371,1.0,6.955263640640336,4.8224319280374575,1.0,0.0,-7.392084281181851,0.6009199509509959,1
2022-07-31 22:25:44,-106.537452824574,13.78089503136992,1387.1902264182634,0.0,5.508353286289077,0.83008569963679,0.0,1.0,-7.730807946387253,0.3997094001043123,1
2022-08-01 19:01:27,-95.92937160741792,11.229343827415113,233.0079919809407,0.0,5.7521459195018565,6.437666985919063,1.0,1.0,-8.542740615411114,0.5122423898844767,1
2022-08-02 15:44:14,-79.24996714606849,11.638975020587976,1101.8165322477796,3.0,4.268173529882168,8.214768622859625,0.0,1.0,-6.809016000040864,0.3667138662954047,0
2022-08-03 18:29:17,-81.72528755024275,14.075284471978748,115.74546593202864,2.0,1.5833391324943191,6.2412847695336735,0.0,1.0,-5.806297393643175,0.11249073761414626,0
2022-08-04 21:33:39,-68.58358642697735,14.27429187368151,1757.576930042113,1.0,8.127687938644245,1.6981387961889904,0.0,0.0,-4.804692732157517,0.5693934249068023,1
2022-08-05 21:45:18,-74.01277987195444,14.24281251832755,1258.852241901645,1.0,4.626170998149258,3.331106208406501,0.0,1.0,-5.196500324041955,0.3248074066741752,0
2022-08-06 14:09:45,-79.02385990593011,12.876848781628745,1208.5072211076276,1.0,7.928850901719533,2.915890178970108,0.0,1.0,-6.136894300765236,0.6157446620337571,1
2022-08-07 19:30:39,-107.3113112354028,10.600726623097556,303.1109729652013,0.0,8.48959783093867,9.457663691556988,0.0,1.0,-10.123014680093993,0.800850557889129,1
2022-08-08 18:54:33,-90.56221960020709,12.545128865399032,53.93874311627695,0.0,6.969977490501911,6.8149733017234055,1.0,1.0,-7.218915051783136,0.5555923390448664,1
2022-08-09 09:29:14,-64.0098281116729,12.993539697094024,1025.118519230243,2.0,2.591086871112233,7.763335422144425,1.0,0.0,-4.926281028799433,0.1994134724883559,0
2022-08-10 20:46:28,-80.99582808668829,12.110218844516666,55.89383531547965,1.0,1.7964577223074196,7.454445010291677,0.0,1.0,-6.688221667990238,0.1483423004343549,0
2022-08-11 23:23:13,-81.56832451319782,10.814890695312275,569.9423712095756,3.0,5.289343091175856,3.7657165715824936,1.0,0.0,-7.542223662141261,0.4890796624490571,0
2022-08-12 12:27:26,-93.75182462278464,11.665512666786713,25.85117156250489,2.0,1.6072146392136466,0.5348648511457854,0.0,0.0,-8.036665622220964,0.13777488268062393,0
2022-08-13 14:43:21,-90.74506055825644,13.76165725184465,1090.853032815766,2.0,0.3527630132271175,6.016210603534543,0.0,0.0,-6.594050330638679,0.025633759564401188,0
2022-08-14 15:35:29,-80.81755176826073,12.265412959051432,1411.129980331302,0.0,6.042770690221614,3.1495681295488334,0.0,1.0,-6.5890608030470945,0.4926675285946732,1
2022-08-15 18:26:05,-58.69605046913758,12.672807783976667,418.73120980889104,2.0,2.7000754421510305,8.910787970519747,1.0,1.0,-4.631653179394108,0.21306055358560003,0
2022-08-16 15:47:14,-82.06004121352846,11.863623115483566,334.5632828900347,2.0,0.9920176187299434,0.2422919655051059,0.0,1.0,-6.9169460634258115,0.0836184367110932,0
2022-08-17 20:33:13,-73.96496983632284,12.450474686647413,11.520903607716782,2.0,0.3625599947598668,6.72617447590251,0.0,1.0,-5.940734927135452,0.029120174439579906,0
2022-08-18 11:57:48,-85.56423007692054,11.884549509843444,1129.1450306749427,0.0,6.048844450740725,6.475987918492848,1.0,1.0,-7.199619135656078,0.5089670790821115,1
2022-08-19 12:10:13,-60.43936400610184,10.828849646856597,1272.9378664389803,1.0,6.71700097740466,9.601418913981462,1.0,0.0,-5.581328208584453,0.6202875832461286,1
2022-08-20 13:49:27,-65.04983017479998,14.389675458781683,1592.329562600959,3.0,6.176413467924283,5.608204971532986,1.0,0.0,-4.520590499529368,0.4292253487708603,0
2022-08-21 19:26:03,-70.82607148130919,11.991563745911538,384.9678281508373,3.0,4.3362974132631535,8.02014433189381,1.0,0.0,-5.90632489441176,0.3616123388728163,0
2022-08-22 12:05:55,-84.21763288199892,13.273497817565552,889.0986643018183,1.0,5.07716895060868,5.207439514361866,1.0,1.0,-6.34479577524805,0.3825042215705402,0
2022-08-23 21:21:42,-81.84437091297237,11.420025792232591,188.02565515284616,1.0,1.9501751534729064,8.608112461069195,0.0,1.0,-7.166741336212448,0.17076801653360216,0
2022-08-24 18:17:03,-101.98045253197624,12.788332318203585,265.1133386816889,0.0,9.930866065188797,4.655619705919197,1.0,0.0,-7.974491902969819,0.7765567720097579,1
2022-08-25 10:26:15,-113.17355160855632,13.927903284411403,1479.914736343838,2.0,0.3409967139749648,8.039306620598465,1.0,1.0,-8.125670410642387,0.024482989793024858,0
2022-08-26 20:09:47,-53.45484802585671,13.696471280814578,1151.821353642467,2.0,2.1673795070297928,9.030613125680397,1.0,0.0,-3.9028189762155105,0.15824364264593613,0
2022-08-27 23:32:16,-96.92116753988284,12.625655294235337,447.3878234546589,3.0,6.741978101150493,3.900073589933264,1.0,1.0,-7.676525714784793,0.5339903508766612,0
2022-08-28 14:14:34,-75.03189285556661,13.93472734657596,1615.4909126430714,2.0,1.9064975611531905,1.01572391486088,0.0,1.0,-5.384525364869727,0.13681628018971168,0
2022-08-29 13:23:45,-51.967553937419765,12.282764333253928,1013.2835149653088,2.0,2.606423687198905,6.973527284496097,1.0,0.0,-4.230933080144971,0.212201717485547,0
2022-08-30 14:26:21,-91.84574391562224,13.12614040677271,115.8579188840049,2.0,2.81074743556994,2.372858035438361,1.0,1.0,-6.997162994023386,0.214133579883508,0
2022-08-31 10:32:21,-98.22994572019084,11.487234663119102,484.0511997217552,2.0,3.8351790228661926,2.466334747739249,1.0,1.0,-8.551226521646374,0.33386442734085936,0
2022-09-01 12:27:32,-97.37602043188166,12.627261908326584,1398.5302949100092,0.0,5.144741524068392,2.0142194777130973,1.0,0.0,-7.711570499694716,0.4074312832830726,1
2022-09-02 12:31:41,-86.45365749267842,10.20982046784388,695.3596466911159,0.0,13.32854340946074,9.614238497463184,0.0,0.0,-8.467696151611968,1.305463053942418,1
2022-09-03 10:07:08,-85.1361047421284,11.275446324529351,978.8498769877464,0.0,5.573076427149763,7.932575313815699,1.0,0.0,-7.550575142144671,0.4942665918715304,1
2022-09-04 18:39:07,-98.39753563376615,14.550111741439418,433.2522018548664,3.0,2.880221159069008,3.4640917752111267,1.0,0.0,-6.762665289144315,0.19795182401713438,0
2022-09-05 23:30:01,-73.19970964452189,14.558677817860987,56.0678448962012,1.0,1.1678139990481715,4.049171288365535,1.0,0.0,-5.027909165603662,0.0802142896201227,0
2022-09-06 19:30:41,-94.1562526289561,12.231662001495906,1018.5093754518356,3.0,6.222482197640131,8.688332505207464,0.0,0.0,-7.69774807460697,0.508719272685136,0
2022-09-07 22:30:01,-75.52828052888515,12.065973019926954,1692.6467982403713,0.0,7.8349009750722844,5.453067703177256,1.0,0.0,-6.259609597824443,0.649338512649051,1
2022-09-08 19:12:06,-92.04371273042172,13.395099649239729,1063.97695648233,3.0,4.34842836428603,2.8288681816365493,1.0,1.0,-6.871446658388572,0.3246282952593195,0
2022-09-09 21:45:44,-71.31014355142645,14.566250716451425,1266.2516119115796,3.0,3.5704522578940137,2.70950378770096,0.0,0.0,-4.895572988180941,0.24511813830146098,0
2022-09-10 21:26:35,-72.89683751628178,10.803433900064425,940.5222439065766,2.0,1.4570876342052168,5.862514351913499,1.0,0.0,-6.747561764514476,0.13487263841746233,0
2022-09-11 18:50:42,-76.55893037091913,14.717974030477071,968.7499864580238,2.0,2.377030647139074,4.4107535665648285,0.0,1.0,-5.201730225042108,0.16150528884310847,0
2022-09-12 09:51:09,-93.57683695607427,12.34241853223386,931.0579212293392,3.0,3.1683801920778265,1.6129506277114425,1.0,0.0,-7.581726118272869,0.2567065914631298,0
2022-09-13 23:32:38,-76.22794275338526,10.975438456318107,1415.0100124471069,2.0,2.0892660578493825,0.4105241607654897,1.0,0.0,-6.9453209591420615,0.19035832290201762,0
2022-09-14 18:07:17,-74.22628969983381,13.677780731913384,1731.7737531155635,1.0,3.343216144089496,9.769136606941837,0.0,1.0,-5.426778740590581,0.2444267976927414,0
2022-09-15 22:32:33,-73.87050734372477,12.267407351433045,903.930054814893,0.0,5.516217300853618,2.4711229164831927,1.0,1.0,-6.02168862755452,0.4496644761502571,1
2022-09-16 21:26:36,-92.5618536917726,13.85397355758174,1104.950069907927,0.0,7.5750247481440605,2.69325561071264,1.0,0.0,-6.681249484155096,0.5467763249376038,1
2022-09-17 13:28:54,-68.62307626317082,14.160958441241684,231.53529268828984,2.0,1.3453079960418064,2.5840515765677283,1.0,1.0,-4.845934443142661,0.09500119653121754,0
2022-09-18 14:20:17,-88.64124466771169,14.459427143416852,1207.2370503490877,0.0,5.380880730458802,9.00150475709739,0.0,0.0,-6.130342771009314,0.37213650836343787,1
2022-09-19 23:26:33,-60.5074732016415,10.322149519290944,61.72184549940136,1.0,0.7664553366308358,5.201327288368715,0.0,1.0,-5.861906290225489,0.074253461948421,0
2022-09-20 21:21:21,-78.26090570312691,12.814415855794143,1450.7809747251445,0.0,11.33334029681868,3.6252319864372384,0.0,1.0,-6.107255030406504,0.8844211412734663,1
2022-09-21 15:30:57,-93.53454876188668,12.621913589801594,383.6942500487234,1.0,3.791938943272771,7.317134684255055,0.0,0.0,-7.410488757429885,0.3004250437933756,0
2022-09-22 12:39:19,-80.90450516215648,11.500185053137866,1506.496951541524,0.0,13.547747071069631,6.890400601660872,1.0,0.0,-7.035061156085166,1.1780460059810112,1
2022-09-23 11:42:25,-81.94406557832957,13.779433572320013,939.6279602303372,3.0,5.623944364539535,3.7577354593518586,0.0,0.0,-5.946838463446795,0.40814046053596265,0
2022-09-24 09:57:39,-87.30343100018226,14.33885712584198,236.2843644596952,1.0,5.767102863287695,4.872324758537083,1.0,1.0,-6.0885906197330355,0.4022010131122531,0
2022-09-25 16:54:44,-80.4562614052071,13.90406222872112,664.5286257938195,2.0,1.4664840278591684,2.685498497830693,1.0,0.0,-5.786529150684105,0.10547162430878895,0
2022-09-26 20:39:43,-93.55133754050507,14.185812398674692,1707.2765796530707,1.0,6.888980866854537,1.3095034357625523,0.0,0.0,-6.594711314711196,0.48562469830860827,1
2022-09-27 11:09:49,-95.3171890284374,13.231202478289656,233.5741853279368,2.0,2.826046985623437,8.971003410867823,0.0,0.0,-7.203970249690767,0.2135895803912721,0
2022-09-28 14:01:41,-76.51379919344001,14.55982652922074,387.2955895950067,3.0,4.9515892728209545,0.7358300901391457,1.0,0.0,-5.255131236256562,0.34008573265233016,0
2022-09-29 09:23:12,-73.13596847713981,12.20939916607782,323.2107966658524,2.0,3.886942922539485,9.363163933343111,1.0,0.0,-5.990136572350601,0.31835660947350125,0
2022-09-30 13:22:21,-77.1323032660037,14.232341718268044,390.4713978721709,1.0,2.870045019546086,3.94228925390744,0.0,1.0,-5.41950894571203,0.2016565563248498,0
2022-10-01 18:21:28,-71.67409659509171,14.175587243095991,1241.4459180082629,2.0,4.7485450799264814,0.0580191987007339,1.0,0.0,-5.056164189948698,0.3349804842761776,0
2022-10-02 09:33:06,-69.02418833140925,14.320320745258002,637.6379528026052,2.0,0.3235237450426986,3.490416868983397,1.0,1.0,-4.82001692241745,0.0225919342712514,0
2022-10-03 12:03:31,-94.20464754853867,13.298540923209217,557.011995359942,2.0,0.487549339322274,1.4150161879990708,1.0,1.0,-7.08383333821567,0.036661867049994856,0
2022-10-04 23:36:37,-50.51092923073777,10.948519044525137,289.5611169988585,2.0,1.4239049925719804,3.1126923136659315,0.0,0.0,-4.613494210560152,0.13005457511205198,0
2022-10-05 16:10:54,-91.20281407405336,12.867192664190254,1370.6146631718398,3.0,2.7625040573846915,9.373980253100497,1.0,1.0,-7.088011848985929,0.21469361105147058,0
2022-10-06 12:01:54,-75.47534340534946,14.61763550532408,1156.387671350405,0.0,9.510351038786872,7.563137468560907,0.0,0.0,-5.163307251210108,0.6506080299151238,1
2022-10-07 17:54:16,-88.44280620669608,14.74419447085342,972.759755102946,3.0,4.820846677152164,9.022393727367437,1.0,1.0,-5.998483428547614,0.3269657549861494,0
2022-10-08 22:04:37,-112.6887306896922,12.20556384572739,1221.2528504757722,2.0,1.8047325601038413,6.230003452066402,1.0,0.0,-9.232570662428415,0.1478614657026053,0
2022-10-09 19:36:06,-53.63904099983489,13.097913241439612,1295.820617815741,2.0,1.360984941643781,0.1384154505302881,1.0,1.0,-4.09523563082054,0.10390853233276452,0
2022-10-10 22:21:18,-85.82626089466387,12.955564860467469,629.267769965656,0.0,9.780823964052942,8.403508330532436,1.0,1.0,-6.624663749701021,0.7549515647243709,1
2022-10-11 21:00:27,-78.90815856924355,11.32676430609213,1553.6439729968158,3.0,4.494373855960115,1.0464973282622336,0.0,1.0,-6.966522515157843,0.3967923878442506,0
2022-10-12 13:27:18,-94.372578807201,12.482678121691528,875.6065645206659,2.0,1.9515726436212435,9.781066116100645,1.0,1.0,-7.560282968095334,0.15634246308679497,0
2022-10-13 11:45:40,-93.68348625294288,11.659217920363872,1160.8045266820327,1.0,8.947618210218657,3.5029187943633886,0.0,1.0,-8.035143256159671,0.7674286792275671,1
2022-10-14 15:16:39,-68.8022885880988,11.764851389463647,714.7323854087178,2.0,0.464496706778309,0.2499543647616708,1.0,0.0,-5.848122199305345,0.03948173175861964,0
2022-10-15 11:46:20,-98.66493805063506,11.378909950396013,1236.330486046464,2.0,3.4825365260724244,5.501028095430537,1.0,0.0,-8.670860255689995,0.3060518574228784,0
2022-10-16 17:19:44,-97.15111443152512,12.12650675777444,329.4870969664605,3.0,4.610331335413432,9.520169177053893,0.0,0.0,-8.011467470731336,0.3801862669212228,0
2022-10-17 21:01:21,-64.42817937056668,10.116300953945109,1517.649792485401,1.0,9.284563255531763,1.4963083675652422,0.0,1.0,-6.368748780558226,0.9177824282692212,1
2022-10-18 17:33:05,-92.7704756568323,12.665345988789188,1584.6004080766834,2.0,4.662059068306462,4.372393495232242,0.0,1.0,-7.324748627603536,0.3680956739804043,0
2022-10-19 16:05:48,-95.06284220254804,11.13536027323303,176.76233345250992,3.0,4.628205746180049,7.923148017392279,1.0,1.0,-8.537024385508325,0.415631432858945,0
2022-10-20 11:24:17,-76.57361797626096,13.870389370194989,517.3304029102152,0.0,14.174247779392909,6.97951729649911,1.0,0.0,-5.5206538134598775,1.021906984733172,1
2022-10-21 22:08:43,-99.74554077329609,13.342984002466189,1760.0966605249987,2.0,4.360292045490047,5.858618724730592,0.0,0.0,-7.475504785689961,0.3267853760716004,0
2022-10-22 21:37:11,-109.93072663128008,10.763049443008445,430.9804310160917,2.0,4.089373065550459,0.3366074535757235,1.0,1.0,-10.213715657738256,0.3799455801837763,0
2022-10-23 09:16:19,-96.4793434901556,12.970744807675905,71.18238643567855,0.0,11.317231391232871,6.783715812961242,1.0,0.0,-7.438226941726758,0.8725197787919606,1
2022-10-24 18:22:53,-71.87874254729456,10.22141073821662,325.8570605505992,1.0,4.437815256304641,2.604598711402065,1.0,0.0,-7.032174362342808,0.4341685672876853,0
2022-10-25 21:18:30,-117.5197593812542,12.677931962450176,1113.1745400097136,2.0,3.968259025515104,9.00083768089959,0.0,0.0,-9.269631649708929,0.3130052312124241,0
2022-10-26 23:27:17,-79.06877565586535,11.33493012705194,738.9902225412982,3.0,4.357494869297461,5.832494725668759,1.0,1.0,-6.975673847356514,0.38443067756663396,0
2022-10-27 18:36:56,-95.72866074342478,13.056058777315071,345.22017451940457,2.0,4.520253796117533,4.8875552512150655,0.0,0.0,-7.332125442206296,0.3462188607503257,0
2022-10-28 23:00:45,-68.15993873337464,12.919799304369064,1261.2721428100028,3.0,3.309394417025781,7.512339690640763,0.0,1.0,-5.275619003234014,0.25614905764445584,0
2022-10-29 20:34:14,-64.48288605980898,14.594405537725098,1006.8220758256864,1.0,6.480553516660624,4.720386876971972,1.0,1.0,-4.418329056891611,0.4440436782070355,0
2022-10-30 16:27:22,-74.09080369833728,11.626407700780144,454.52641029559936,2.0,1.8943777474135537,5.85898781810712,0.0,0.0,-6.37263079007569,0.162937495054771,0
2022-10-31 23:27:49,-106.88889586152796,13.358457828421097,261.3467506526821,2.0,0.1925660406793561,0.9796042864107556,0.0,1.0,-8.001589496813953,0.014415289784067923,0
2022-11-01 14:54:00,-79.41827118048082,12.765319541766342,994.738363695404,2.0,3.6386752405970624,7.494869043334722,0.0,1.0,-6.221408787646397,0.2850438039100221,0
2022-11-02 18:51:54,-95.94366693564884,14.222177684484643,746.7321051370837,1.0,5.2781893261314,1.2102096368308013,0.0,0.0,-6.746060206628575,0.3711238491639994,0
2022-11-03 21:00:58,-89.67971299150142,10.15658123553952,1379.4501943620658,3.0,7.99127443858422,9.46476125362015,0.0,0.0,-8.829714537099147,0.7868075145044527,1
2022-11-04 17:48:00,-74.78070656565329,13.28376702031787,1766.843374604128,3.0,2.0986452019451307,4.589509689516645,1.0,1.0,-5.629480436207949,0.1579856977751275,0
2022-11-05 20:23:53,-102.32338075750292,13.03209320506246,996.7333448805311,3.0,2.976733717230984,5.630169730072257,0.0,1.0,-7.85164586682841,0.2284156251925994,0
2022-11-06 11:10:26,-104.07020271169748,14.576764396139216,189.6668300653298,2.0,3.8358394053762535,5.183288668738811,0.0,0.0,-7.13945837885134,0.2631475203186423,0
2022-11-07 14:45:13,-101.37961078123784,11.764374876991315,485.9493584440621,0.0,8.313069318111332,4.909114222968186,0.0,1.0,-8.617509373226273,0.7066307733582466,1
2022-11-08 19:03:29,-93.4535801187192,14.690609718670515,898.0411519574254,3.0,2.8079172583316128,7.443021343328927,0.0,1.0,-6.361450062456305,0.19113687667924714,0
2022-11-09 15:55:58,-91.8925984672736,13.791853365414251,48.17761820961736,0.0,13.909458477194953,4.7126784843343525,1.0,1.0,-6.662817246233875,1.0085271433545757,1
2022-11-10 12:47:19,-98.46817075655962,14.04666699558592,1696.206197594608,1.0,7.648126360914694,9.981805582614609,0.0,0.0,-7.010073690825914,0.5444797945856901,1
2022-11-11 10:22:51,-62.91089934415235,14.054636472533891,1347.818219191764,1.0,7.690255254180261,2.906611187495096,1.0,1.0,-4.476166954771052,0.5471685638160534,1
2022-11-12 22:57:21,-79.58538901056828,13.6440668437397,844.9178405527942,1.0,8.80140811104127,1.9394067082073865,1.0,0.0,-5.832966806465876,0.6450721922719503,1
2022-11-13 11:06:26,-67.63624391721012,14.45441489764382,1012.0026208881962,2.0,3.970920068197967,2.2440390915920547,1.0,1.0,-4.679279264604205,0.2747202218867079,0
2022-11-14 15:02:16,-67.72727421385402,11.914021564444226,704.251864957939,1.0,1.708871360494525,0.3408062454088612,0.0,0.0,-5.684669432720532,0.14343362995505943,0
2022-11-15 17:33:32,-93.27678309693944,13.95462339140323,1698.2372476619273,3.0,4.216177178645666,9.283712457217227,0.0,0.0,-6.6842924007335425,0.302134787882625,0
2022-11-16 21:26:32,-95.99361617149266,13.797408823303176,1026.364161278297,3.0,4.277515698298601,5.783436448569137,0.0,1.0,-6.957365502021408,0.3100231175845174,0
2022-11-17 13:10:16,-98.56690111953316,13.691272796516392,772.0277182981964,3.0,3.994669377921833,5.477682185735258,1.0,1.0,-7.199250396750058,0.29176756880094223,0
2022-11-18 20:37:37,-107.86324504591953,12.503459284492768,138.74686061020677,0.0,11.68934679584847,7.69840185262788,1.0,1.0,-8.626672233904793,0.934889019825987,1
2022-11-19 10:17:36,-98.93551985342472,13.07217826637661,298.8845009238882,0.0,11.283616710579512,8.218085838898151,1.0,1.0,-7.568403507801886,0.8631780013847656,1
2022-11-20 20:42:57,-74.90723197214994,14.630208213908752,1005.2267561273771,3.0,3.4406512805751523,7.104850284070588,1.0,1.0,-5.120038681050113,0.23517445753567573,0
2022-11-21 12:39:16,-90.79759441183086,12.333432078117037,1159.764498059736,2.0,0.7984549089629844,8.179961301874247,0.0,1.0,-7.361908171981529,0.06473906888536955,0
2022-11-22 09:53:16,-72.21230384144116,12.803998893050272,455.0941313939751,3.0,7.956866727669463,1.413820504734229,0.0,1.0,-5.639824279819063,0.6214360680214397,0
2022-11-23 12:56:46,-68.63406491344341,10.976790405172569,525.1993092905101,1.0,0.9632385264001764,7.547049893491796,0.0,1.0,-6.2526533142919885,0.08775229286135584,0
2022-11-24 18:36:27,-80.3903673052,10.678770619646398,183.2423234000761,1.0,8.59509787997193,0.1872077427242879,0.0,0.0,-7.528054507489166,0.8048770954358845,1
2022-11-25 11:13:04,-76.73321227751504,14.192683657909802,568.3554027797038,2.0,0.1639010348144937,3.4972608244553127,1.0,1.0,-5.406532980064267,0.011548276474942836,0
2022-11-26 18:45:01,-75.20313006879101,11.835824816130948,306.5259015984013,1.0,2.0955547330762334,1.8862047948031968,1.0,0.0,-6.353856299050948,0.17705185447178698,0
2022-11-27 23:19:36,-99.81143566964066,10.883190314871582,550.1994228934614,1.0,6.780687033227721,1.2991773647804017,0.0,1.0,-9.171155954525569,0.6230422179918195,1
2022-11-28 23:02:57,-67.82752249347755,12.64281435206848,558.6801043434194,2.0,4.032763946887329,0.1948688215023741,1.0,1.0,-5.364906942338786,0.3189767589926332,0
2022-11-29 11:54:15,-108.66604767044176,10.54178875967892,1545.6205325633837,0.0,9.736856367344082,0.1832667099162499,1.0,1.0,-10.308122287155692,0.9236436612790752,1
2022-11-30 11:45:57,-83.7597937834699,13.527142177733646,1047.5274540523717,0.0,14.699734102511862,2.3821439837286142,0.0,0.0,-6.191979996717321,1.086684379323053,1
2022-12-01 19:40:01,-115.0756749411353,11.54932087070222,835.1612680811252,2.0,0.1869038980025317,5.310981865016208,0.0,1.0,-9.963847763818745,0.016183107221523104,0
2022-12-02 12:42:25,-104.93871618799618,11.218761647138196,963.889945679334,0.0,12.35997607282069,5.558400492510507,0.0,1.0,-9.353859140541704,1.101723742822532,1
2022-12-03 16:13:35,-71.98146692564723,10.607581692289624,1721.2386992211195,1.0,1.1773980976012657,8.419652981655188,1.0,0.0,-6.785850819436331,0.1109959019543625,0
2022-12-04 16:40:31,-78.94411468295756,11.613693209342514,252.4165950118561,3.0,6.084629602766593,9.112786712757233,0.0,0.0,-6.797503021059166,0.5239185754750226,0
2022-12-05 10:47:25,-91.89637612862144,12.95445864084614,1447.5733898934418,1.0,5.406019332754414,4.339957954483852,0.0,1.0,-7.093802888201995,0.41730955204037784,0
2022-12-06 15:06:13,-82.45169143985173,11.698545425149693,1074.917031557913,0.0,10.501445286823994,8.860903748661515,1.0,0.0,-7.048029343506922,0.8976710269765823,1
2022-12-07 18:55:15,-99.38051778624612,14.348211188952412,620.9478713994414,0.0,7.5750247481440605,2.8855952305185006,0.0,1.0,-6.926335030239803,0.5279421000890065,1
2022-12-08 17:49:14,-74.21120778194987,14.752777563257611,698.0030476644536,3.0,5.108229490426902,3.5398313706543227,0.0,1.0,-5.0303210672507905,0.34625544025030913,0
2022-12-09 13:15:00,-64.62157572316954,14.442333332369396,667.9251962721296,2.0,4.669814204705458,8.379269018632217,1.0,0.0,-4.474455355067845,0.32334208724539876,0
2022-12-10 16:49:49,-103.6648147295526,14.186689153871892,515.9295434813486,2.0,1.3835892678519164,8.854169906752317,1.0,1.0,-7.30718870328901,0.09752728439649881,0
2022-12-11 19:26:28,-87.3651218556704,10.537053331159193,991.1577790792088,3.0,2.1724752020612,1.4874809634161943,0.0,0.0,-8.291228970914588,0.2061748321450347,0
2022-12-12 15:34:59,-84.32062042279452,10.53139742363006,357.73772766439885,2.0,0.7662441061904762,2.6730047402385115,0.0,0.0,-8.006593714295848,0.07275806574334008,0
2022-12-13 11:19:07,-88.77760527530535,14.160909820923436,1102.8379072226217,3.0,4.299357639103034,6.951399931094412,1.0,0.0,-6.26920207752915,0.3036074442368749,0
2022-12-14 12:23:51,-96.73543193160174,12.907111693034553,1198.4165931867803,3.0,3.746626812677145,9.52565435176007,1.0,1.0,-7.494738886958824,0.2902761594918848,0
2022-12-15 18:16:41,-72.65343833666678,13.111674887768288,429.8595572603316,0.0,10.829355474794724,0.3520692357646715,1.0,0.0,-5.541125672579261,0.8259322753702013,1
2022-12-16 22:47:54,-118.68131771882383,11.84851874233276,1621.4790851317966,2.0,3.7836927295600375,1.665327124019227,0.0,1.0,-10.016553148097657,0.3193388820597635,0
2022-12-17 19:27:28,-89.73251746359627,12.81995333506115,501.9675743772229,2.0,4.89177210656568,8.416925076721785,0.0,0.0,-6.999441816312103,0.38157487615853103,0
2022-12-18 20:57:08,-50.66441336216029,14.457753309326083,1068.892055410821,2.0,3.6172313288291584,6.173050937879693,1.0,1.0,-3.504307500251406,0.25019318362872073,0
2022-12-19 14:21:57,-84.18996105210431,12.488642984272635,831.2208517637332,2.0,3.592344735649024,2.984905299787184,0.0,1.0,-6.741321787434088,0.2876489254985778,0
2022-12-20 11:25:18,-79.91911242192916,11.350130250896797,201.7562507912062,2.0,1.06293827012558,9.584577581127489,0.0,0.0,-7.041250685962246,0.09364987418958873,0
2022-12-21 17:44:41,-71.52287408011807,13.87268410903088,1480.309013406655,0.0,8.541695367810695,4.562054892238524,1.0,0.0,-5.155662272191597,0.6157204546764297,1
2022-12-22 14:18:00,-104.51877318499852,11.412355938597322,772.4123308288124,2.0,4.584413278060832,6.297656650531521,0.0,1.0,-9.158387079599482,0.40170612468844796,0
2022-12-23 19:16:27,-69.29027429533026,11.878704477940282,1696.596359569038,2.0,4.727830637235609,5.278580772688912,0.0,0.0,-5.833150779883006,0.39800894496681566,0
2022-12-24 22:55:23,-105.53411814277295,14.291717662654296,1059.410118713907,0.0,6.655943269600211,9.527614683902714,0.0,1.0,-7.384285124184897,0.4657203162169334,1
2022-12-25 13:49:11,-64.80997206579269,12.240350376896847,554.1500321629965,1.0,4.833666799385762,7.811873290348904,0.0,0.0,-5.294780791800211,0.39489611409443076,0
2022-12-26 10:22:09,-57.15593407597055,11.44881854693666,1474.727047139133,2.0,2.9337780698641494,2.059567864666707,0.0,0.0,-4.992299758849035,0.2562515998991777,0
2022-12-27 21:21:10,-61.461306833424295,14.12232743284685,324.4336421234148,1.0,1.9426909309786844,2.6001656410211904,1.0,1.0,-4.35206640841088,0.1375616689301974,0
2022-12-28 10:50:56,-99.142211945167,14.6951003427008,495.05347689365954,3.0,5.522863499623966,9.335378164495705,1.0,1.0,-6.746616874083837,0.3758302679431105,0
2022-12-29 11:27:02,-84.15888848571566,14.395611872686707,749.8924623713123,2.0,2.051314143890827,1.358055707264546,1.0,1.0,-5.846148758674655,0.14249579398846954,0
2022-12-30 23:13:38,-76.35487477415893,12.109831867731309,845.8479630460766,0.0,8.673493007748238,9.576039659150016,1.0,1.0,-6.305196934345074,0.7162356258755325,1
2022-12-31 22:38:35,-72.25322598290846,14.471732276468387,693.7263217677778,0.0,6.3423971351017965,5.988270693768549,0.0,1.0,-4.99271438951385,0.43826108813362485,1
2022-01-01 19:32:01,-75.20527045908503,14.76568290144581,1041.9020751259677,2.0,4.300465070152634,1.5845534865566202,1.0,0.0,-5.09324702121484,0.29124728592405963,0
2022-01-02 16:18:37,-65.70017361618854,14.449483180146467,1274.6554947267448,2.0,4.76806660196718,0.6865063371258495,1.0,0.0,-4.546887441753864,0.3299818091894458,0
2022-01-03 16:25:29,-105.7438581069422,10.864626190899756,871.0282733389857,2.0,4.216903222758849,2.645213339732252,0.0,1.0,-9.732857462300979,0.3881314596817706,0
2022-01-04 16:56:35,-83.81158453975843,12.631332431249207,910.5098835344576,3.0,4.971138874244599,0.0711116754953122,1.0,0.0,-6.635213267428388,0.39355617476686183,0
2022-01-05 16:21:42,-88.14340880833045,11.981190199000524,1487.7737745876443,0.0,7.38646167618414,2.451068394238487,1.0,0.0,-7.356815753440471,0.6165048340676386,1
2022-01-06 15:20:42,-97.87009980746546,13.767829990759196,604.292980060365,1.0,1.9426306689642725,7.137986805425996,1.0,0.0,-7.108607519561623,0.14109926329182187,0
2022-01-07 22:21:30,-83.7532175237017,12.06350473633024,168.03390692165968,2.0,4.515301360592903,3.5655085251954075,1.0,1.0,-6.942693632351242,0.37429432481759684,0
2022-01-08 23:34:55,-95.54726590666704,14.495869678874756,1439.7920960775978,2.0,1.9769245378887124,2.647030916381067,0.0,0.0,-6.59134415641991,0.13637847066418943,0
2022-01-09 16:00:19,-94.89142092217348,12.650204927247191,1674.7146910760578,1.0,5.541940559197425,7.517094739168819,1.0,1.0,-7.501176578593308,0.43809097090771904,1
2022-01-10 22:45:29,-80.30278461877455,13.156828626856528,78.33964876174176,1.0,8.643718455109818,7.974139559542449,0.0,1.0,-6.103506163236942,0.6569758335841475,1
2022-01-11 15:27:05,-109.17744839861192,11.495097828191,1055.383365480499,0.0,9.771068085765666,5.947319072516125,0.0,0.0,-9.49773982100121,0.8500204374905553,1
2022-01-12 11:28:37,-79.74376058981936,14.50605661629002,120.45295287812334,0.0,13.122160775830846,8.137296180264237,1.0,1.0,-5.4972734971109505,0.9045987563698266,1
2022-01-13 14:37:26,-59.43519004701125,11.552452626836224,1763.5035311357285,2.0,2.819390888022046,2.3896735221441867,1.0,1.0,-5.144811406003875,0.24405128320791203,0
2022-01-14 15:46:02,-77.91857595770662,11.068215904618038,669.6621647950126,0.0,6.98652463867959,9.134398541872706,1.0,1.0,-7.039849657988373,0.6312241013597638,1
2022-01-15 23:18:24,-69.41218527541821,11.90522104389421,792.2498625566956,1.0,7.114139409268817,6.709415336286195,0.0,0.0,-5.830398697652657,0.5975646636414077,1
2022-01-16 10:45:41,-94.90483602299037,12.598215419450034,554.1554899052838,3.0,3.033986832913069,0.8288349279775387,0.0,0.0,-7.533196794598085,0.24082671486853244,0
2022-01-17 17:05:09,-74.85723426220744,13.776029113914738,192.92471015798552,0.0,11.98094928138196,9.818436929420608,1.0,1.0,-5.433876020279501,0.8696954094275745,1
2022-01-18 13:05:58,-86.62876920207785,13.077016429950731,580.7036816443364,3.0,2.367349913092559,6.4833578729781465,1.0,1.0,-6.624505647713691,0.18103134805960067,0
2022-01-19 16:22:50,-103.18654358091185,14.65266397471343,734.8312096099606,3.0,2.035320175337932,2.9694619318035187,1.0,0.0,-7.0421695162014215,0.13890444622980808,0
2022-01-20 22:48:36,-73.1323042490925,11.399114554534409,1684.13365499403,2.0,1.6335627636672223,4.70378461476802,1.0,1.0,-6.41561271209314,0.14330610993589038,0
2022-01-21 09:35:37,-68.21908365623528,13.632845009482777,890.3874136345604,2.0,4.990363058072519,2.0532321119623265,0.0,1.0,-5.0040240026039475,0.3660544115505789,0
2022-01-22 19:03:43,-86.29585425044414,12.089241827315671,433.1241662846217,1.0,2.9329347058065003,6.3938428025129,1.0,0.0,-7.138235422532471,0.24260700112201578,0
2022-01-23 17:32:22,-90.53565489872796,13.399816780321546,30.67130463169916,3.0,7.753769831007562,5.332223216172677,1.0,1.0,-6.756484538275825,0.5786474514946952,0
2022-01-24 18:51:32,-105.28338719926248,14.089763761210852,923.7771644348688,0.0,11.66458053508808,8.70129183720362,0.0,1.0,-7.47233161436216,0.8278762321319266,1
2022-01-25 17:38:45,-66.73455134575585,14.142306745850233,156.0950278909354,3.0,4.051596287112983,6.555179464931688,0.0,0.0,-4.718788281170533,0.28648765435775553,0
2022-01-26 09:29:48,-83.96451161498564,11.402701451349843,1408.026158260181,3.0,4.304951668529515,7.65574223130666,1.0,1.0,-7.363563096504857,0.3775378743817203,0
2022-01-27 11:11:15,-81.26335029893039,13.509432980434555,826.6209686527037,0.0,9.62574396609203,0.633145258036707,1.0,1.0,-6.015304299640643,0.7125202056459574,1
2022-01-28 18:55:35,-81.60168654659981,12.62199089777644,456.36965842149607,1.0,0.4542407910974655,3.2624220551834995,0.0,0.0,-6.465040832386448,0.035988046160095,0
2022-01-29 18:30:37,-72.55489186413571,13.065699941334778,1676.518911611514,2.0,1.773164597236072,4.802230569778799,0.0,1.0,-5.5530811349070754,0.13571141271128992,0
2022-01-30 09:36:29,-98.02935785393775,13.19284157985896,1201.085568695522,3.0,2.7089718765492763,5.035257575838076,0.0,0.0,-7.430496095410193,0.2053364970651683,0
2022-01-31 19:53:43,-68.66593244020436,14.338626133705128,94.2933484418636,3.0,6.2241499819884005,5.142789342947374,0.0,0.0,-4.788878083236003,0.4340827303477495,0
2022-02-01 17:22:21,-80.97344610124186,14.129067390069723,1035.702964749992,2.0,1.844691493257054,5.645063658633508,1.0,0.0,-5.730983076237652,0.1305600321803965,0
2022-02-02 11:30:49,-89.72019149334633,14.563608406322574,1612.9840519204197,1.0,5.954771060485352,2.016900732993687,1.0,0.0,-6.160574287910341,0.4088801960296664,1
2022-02-03 15:26:27,-63.49240392372191,12.007760440489776,474.8948614394176,2.0,0.0422548747732182,5.786049765844612,0.0,1.0,-5.287614141962725,0.003518963838353835,0
2022-02-04 13:58:51,-93.45563783094757,12.577073020429568,65.2846511909474,3.0,6.997158619327165,5.407947970940834,1.0,0.0,-7.43063490779709,0.5563423705503648,0
2022-02-05 22:04:26,-67.21978661588543,11.167473610126454,1559.382836001546,2.0,0.6639859199918785,8.405077741856681,1.0,1.0,-6.019247410525559,0.059457129079788604,0
2022-02-06 23:12:42,-76.7299233726534,14.067184741155913,785.5987058782928,1.0,4.628219734629035,5.421989070901736,1.0,1.0,-5.4545329985403965,0.3290082429044521,0
2022-02-07 10:33:05,-71.50754527756561,12.441870866710971,1741.7535639371022,3.0,2.699920652391482,2.48398821802074,0.0,0.0,-5.747330609509968,0.21700278688780567,0
2022-02-08 15:25:44,-89.57279273963661,12.789886656580109,920.8834010653934,1.0,8.705630759360304,3.670175282211555,0.0,1.0,-7.003407859486387,0.6806651999688197,1
2022-02-09 18:29:26,-75.01889556060458,14.588358677928271,1783.1611935125295,3.0,7.576994141288741,6.60240831670291,0.0,0.0,-5.142380799079435,0.5193863345458533,0
2022-02-10 12:40:37,-99.4734083618668,11.411548164973627,463.4075062030672,0.0,7.287092593882121,4.688582695014318,0.0,0.0,-8.716907374449992,0.6385717772817541,1
2022-02-11 18:04:42,-85.17132688644969,13.642018014465265,1535.9585328127694,0.0,13.05801084444394,9.01531365959319,0.0,0.0,-6.243308489249558,0.9571905585845683,1
2022-02-12 19:57:29,-71.25672025404609,13.153890945422964,388.20612110539554,1.0,1.1396310498756557,7.455336867939588,1.0,0.0,-5.417159116209905,0.08663832279874299,0
2022-02-13 18:17:57,-99.50530176088093,14.62580045987984,1541.9134187722905,1.0,2.9532493961972617,9.727757377894935,1.0,0.0,-6.803408950301993,0.20192053105718386,0
2022-02-14 16:30:02,-94.30433253814536,13.226769092722446,1402.1977644931217,0.0,10.548853558741667,7.450210074851692,1.0,1.0,-7.129808638067411,0.7975381957600104,1
2022-02-15 17:02:18,-100.6655244710712,13.422154106954968,1738.538212122038,3.0,3.824417161651208,1.1645331894153232,1.0,1.0,-7.4999529629457395,0.28493318813740737,0
2022-02-16 11:03:00,-68.34534898206041,10.775192640025796,435.7242002530253,3.0,7.760776026893581,3.308288369276533,1.0,1.0,-6.342842421381893,0.7202447589980866,0
2022-02-17 19:26:17,-95.1325372230828,11.951165696956012,1511.5664122244548,0.0,10.11721001392003,1.5143815864408905,0.0,1.0,-7.960105284068914,0.8465458742363817,1
2022-02-18 14:27:53,-84.95622965394955,14.707978515635482,1396.9513028798524,3.0,7.766807317390897,6.063202646306576,1.0,0.0,-5.776200281898676,0.5280676272817667,0
2022-02-19 09:50:51,-82.55202458380538,13.621224611986309,438.22343584266895,1.0,3.322724551299505,1.0977960959341704,1.0,0.0,-6.060543521549545,0.24393728506111412,0
2022-02-20 14:30:53,-106.13314296407115,13.821330859819492,1677.3590072467673,0.0,9.640625318934788,6.426955339987463,0.0,0.0,-7.67893801492994,0.6975178740756357,1
2022-02-21 14:28:27,-79.72971739835619,14.222022099372944,670.2612343528599,0.0,12.305070923769923,9.25744610996506,1.0,1.0,-5.606074638026715,0.865212473790717,1
2022-02-22 20:09:16,-99.26301992870232,11.050720029190115,742.5361191381244,3.0,6.04958137919481,4.840912474010236,1.0,1.0,-8.98249341739903,0.5474377563333068,0
2022-02-23 11:12:39,-98.0000585721896,14.412316429404326,1050.1787674906468,2.0,0.516997954897418,3.0617486172839614,1.0,1.0,-6.799743750105845,0.03587195419930937,0
2022-02-24 10:16:10,-65.14490306065466,11.499889276594,250.3796652629661,2.0,3.671088206801723,0.9906080620490454,0.0,1.0,-5.6648287203582735,0.3192281350007733,0
2022-02-25 12:33:08,-98.78274410601064,13.23679019717378,517.6621101454218,2.0,0.1276142892275172,3.434323120502984,1.0,1.0,-7.4627415428582715,0.009640878741518737,0
2022-02-26 13:39:55,-73.82292015534489,12.403507354592543,366.94975945240327,3.0,5.926648486805253,4.577006008050747,1.0,0.0,-5.951777835005622,0.47782037103666664,0
2022-02-27 12:53:57,-92.10159651124698,10.22772188242119,139.6732894343954,1.0,7.46030019325563,6.639247130941724,0.0,0.0,-9.005093955530873,0.7294195401762478,1
2022-02-28 16:26:15,-50.122221876305645,14.395144803513237,1499.0904035653173,2.0,3.631266172720794,6.879863793216407,0.0,1.0,-3.481883826593469,0.2522563143360879,0
2022-03-01 16:00:24,-94.94876368632758,12.311254328558894,1330.7328253128544,3.0,4.272765555784238,6.132406355423729,0.0,0.0,-7.7123549838751115,0.3470617567801744,0
2022-03-02 22:02:40,-82.37403011156086,12.414058214940304,858.515621396124,0.0,9.16380768671177,1.4646178254951403,0.0,1.0,-6.635544048423123,0.7381798544286636,1
2022-03-03 16:47:31,-93.25908440407896,12.883487995159426,1265.52633613106,0.0,8.011576046707788,0.3252926013719626,0.0,0.0,-7.238651864454684,0.6218483728238845,1
2022-03-04 12:33:48,-93.42433129005256,14.59917374060472,1783.4587094393337,1.0,2.9122847888057457,8.175105353153848,1.0,1.0,-6.39928895590933,0.1994828502181817,0
2022-03-05 20:08:43,-109.73155464644404,11.19626572363486,1715.746913735577,2.0,2.832954340369697,6.061145220253779,1.0,1.0,-9.800727969952023,0.253026715339242,0
2022-03-06 12:42:30,-75.59226620730448,12.985550643268118,1018.3642118663244,3.0,2.0466214210014586,8.657198988611706,0.0,0.0,-5.821259974113708,0.157607596094113,0
2022-03-07 23:37:05,-113.36176206448998,11.578840827805596,39.37634182075227,2.0,4.234296449398581,4.591316129637115,0.0,1.0,-9.790424079625568,0.3656926036036861,0
2022-03-08 13:09:40,-113.53704878592195,11.709029520744004,1780.4113687195618,2.0,2.213747616201165,1.065880812395115,0.0,0.0,-9.696537921873064,0.1890632876183438,0
2022-03-09 12:10:43,-84.61549224955168,13.940110050735807,28.598356520572764,1.0,1.691115865649382,5.756236395560576,0.0,1.0,-6.069930003100331,0.12131294942243345,0
2022-03-10 15:50:13,-74.16296895834041,14.304935421654232,434.1365745065729,1.0,8.262390966390562,0.3641436172587253,0.0,1.0,-5.184432279288104,0.577590231781522,1
2022-03-11 18:16:59,-109.0684748914714,12.809464649703031,1596.9750703631605,0.0,5.563700960424194,9.077619985580398,1.0,0.0,-8.514678627532284,0.43434297311705666,1
2022-03-12 11:32:07,-105.82965264271502,12.81495236705386,975.1843083052444,0.0,12.93233924081314,0.7867728147437847,1.0,1.0,-8.258294654807743,1.0091601489719082,1
2022-03-13 18:29:27,-91.0503485531978,12.120448856257209,113.13300025219222,3.0,3.8620185817848247,4.305262828376373,0.0,0.0,-7.512126788826036,0.3186365973131773,0
2022-03-14 12:30:54,-95.4682395475222,14.544870377813377,66.52768082899357,0.0,9.49189392062728,7.581600711491927,1.0,0.0,-6.563705076848602,0.6525939161653542,1
2022-03-15 15:51:09,-88.40640273834173,10.19171397505982,95.45819598609002,1.0,9.86089970612714,0.8474551199013691,0.0,0.0,-8.674341032922138,0.9675408600840097,1
2022-03-16 18:51:03,-76.48394347946521,13.605350871874204,213.49345053051903,3.0,4.904079851566303,2.842783113825589,0.0,0.0,-5.621607571470706,0.3604522880291061,0
2022-03-17 16:11:21,-81.02358401708912,10.672875473085048,1790.052360519216,0.0,6.8169009225070045,0.8899527088705617,0.0,1.0,-7.591542149425764,0.6387126823562416,1
2022-03-18 14:50:14,-77.16697108123137,12.073997884617624,767.877842716464,0.0,10.491068367607484,1.87467568797131,1.0,1.0,-6.391169835564703,0.8688976482349974,1
2022-03-19 20:38:24,-99.89115638476224,14.304083082803276,165.87339420511768,2.0,4.12999983665903,8.408161335612297,0.0,1.0,-6.983401578383621,0.2887287365756068,0
2022-03-20 22:21:51,-85.35827247402271,13.933463100049066,1099.3017397381248,2.0,4.03392975384704,1.317251780316793,0.0,1.0,-6.126134748768667,0.28951379313182524,0
2022-03-21 21:56:39,-92.07768434913557,12.516919579624831,1339.0966755801476,0.0,12.46576932304265,6.465281203716441,1.0,0.0,-7.356257564494086,0.995913510728202,1
2022-03-22 17:15:06,-69.2345098974701,13.63672086937552,1136.7696651246897,1.0,7.569116568710021,0.90979154526609,0.0,1.0,-5.077064387808619,0.5550540075329405,1
2022-03-23 12:45:23,-92.91190834216444,13.599031884768216,408.6918716227058,2.0,4.758147186034672,7.39352934506112,1.0,1.0,-6.832244318759151,0.3498886704585355,0
2022-03-24 16:54:49,-83.75978377454125,14.523453504134192,539.0981653204361,0.0,8.51105978224351,1.606197091580266,1.0,0.0,-5.767208449762399,0.5860217598544838,1
2022-03-25 16:05:35,-108.6480942253674,14.530554892690173,105.29655331382212,0.0,11.577305066578742,0.8874657454299517,0.0,0.0,-7.477215771886822,0.7967558810576555,1
2022-03-26 15:55:05,-77.80726755344128,12.988628252354122,687.7369958427088,0.0,5.540936647574393,6.079966380069209,1.0,1.0,-5.990414540761739,0.426599063387893,1
2022-03-27 12:31:53,-58.1627713466998,11.96948966535534,1111.9560107942557,2.0,4.949703908605523,5.39320242963504,1.0,1.0,-4.859252396548509,0.4135267289229957,0
2022-03-28 19:23:20,-97.18403675948178,12.310212122959983,1745.8727558990174,0.0,12.5950248550593,5.0911488095881925,0.0,0.0,-7.894586687935915,1.0231362975902722,1
2022-03-29 21:46:10,-85.54132546541771,12.744730943003368,1433.1802254739966,3.0,7.325439250346633,3.3742043600650384,0.0,0.0,-6.711897319861938,0.5747817888453257,0
2022-03-30 09:56:22,-89.34266834296486,14.010335514474978,281.9946854594203,3.0,4.721515812458529,6.877614614328609,0.0,0.0,-6.376911405460796,0.3370023371134421,0
2022-03-31 14:47:16,-104.28754144428623,10.421948840421456,700.7760937303377,2.0,1.8506672622685485,2.8903166929022808,0.0,1.0,-10.006529779708877,0.17757401138961404,0
2022-04-01 15:25:48,-79.76310147425434,11.729875821972616,141.67494067742302,1.0,4.190124241172272,8.69792131001134,1.0,0.0,-6.799995385973367,0.35721812442089435,0
2022-04-02 20:23:52,-94.19996010622164,14.672516924786114,1283.4909737593173,1.0,0.3280771568390317,7.514246025062826,0.0,0.0,-6.420163669443145,0.02235997808000172,0
2022-04-03 19:27:18,-72.8926545892375,11.195974285826026,1179.0443606879337,1.0,4.508209706363634,5.558156930670642,0.0,0.0,-6.510612897263273,0.4026634566022818,0
2022-04-04 19:06:51,-66.97282181291851,11.926535317213258,906.143211312328,1.0,2.173046928418846,2.632066321059873,1.0,0.0,-5.615446567339882,0.1822026993120409,0
2022-04-05 10:16:11,-77.60613955073707,14.235596041788156,327.55118328389744,3.0,4.005920481159008,8.101745745475652,1.0,1.0,-5.451555334773133,0.28140166868449695,0
2022-04-06 14:43:53,-110.54872786377628,11.803448454444982,1503.636458723273,2.0,2.65219869858026,7.719386102042379,0.0,1.0,-9.36579917988117,0.2246969356956686,0
2022-04-07 17:08:49,-108.25456323350502,13.107284362822838,1761.5840608443032,2.0,2.071428048493292,2.492434900911406,1.0,0.0,-8.259114567796846,0.1580364010573083,0
2022-04-08 16:01:41,-99.2183861093902,10.883038989586051,355.3015505129631,2.0,3.3784503754310653,9.268362265402908,0.0,1.0,-9.116790465899754,0.3104326262502103,0
2022-04-09 22:47:01,-65.12440259471357,14.014463134042863,145.28036656481322,2.0,4.730200317563028,7.544520298543999,0.0,0.0,-4.6469423742584475,0.3375227628759652,0
